method,seed,iteration,episodes,wall_clock_s,exploitability
PPO,0,1,128,0.8491220420692116,2.3317256982703576
PPO,0,16,2048,1.984733583056368,2.028594456935035
PPO,0,31,3968,3.1159123750403523,2.046262360921995
PPO,0,46,5888,4.231962333084084,2.0266938120812186
PPO,0,61,7808,5.3553946249885485,2.1478607189676056
PPO,0,76,9728,6.5017752080457285,2.245833744728051
PPO,0,91,11648,7.648374416981824,2.2676741728355267
PPO,0,106,13568,8.790884333080612,2.0657392151543323
PPO,0,121,15488,9.933210749994032,2.2091237710803013
PPO,0,136,17408,11.081613791990094,2.2098577112611513
PPO,0,151,19328,12.233327125082724,2.2873060069891045
PPO,0,166,21248,13.379200208000839,2.2295220204376385
PPO,0,181,23168,14.53010837500915,2.0169440660716194
PPO,0,196,25088,15.67792124999687,2.0394490696204994
PPO,0,211,27008,16.82523045805283,2.1210956385698987
PPO,0,226,28928,17.970743332989514,2.2141098665333687
PPO,0,241,30848,19.117119875038043,2.2213998641850137
PPO,0,256,32768,20.25967054197099,1.4570313594836883
PPO,0,271,34688,21.396029166993685,1.3552516446235972
PPO,0,286,36608,22.52484154200647,1.0688723607967354
PPO,0,301,38528,23.66113750007935,1.1816054118106054
PPO,0,316,40448,24.79577379208058,1.1374947190702822
PPO,0,331,42368,25.93140683299862,1.0447772804655102
PPO,0,346,44288,27.08156608301215,1.0821098225687789
PPO,0,361,46208,28.21740187506657,1.0481873272089022
PPO,0,376,48128,29.35772029205691,0.9990024794843451
PPO,0,391,50048,30.507869708002545,1.0591741841720912
PPO,0,406,51968,31.65063095802907,1.0481104712289562
PPO,0,421,53888,32.78995491703972,1.0736883624192852
PPO,0,436,55808,33.930611000047065,1.1010939165845217
PPO,0,451,57728,35.0689006249886,1.0970848158514823
PPO,0,466,59648,36.21181112504564,1.3431050502200685
PPO,0,481,61568,37.3696687920019,1.1298263939148845
PPO,0,496,63488,38.50960745802149,0.9969905040885028
PPO,0,511,65408,39.65289666701574,0.903301255758991
PPO,0,526,67328,40.79965612501837,0.8729078331554962
PPO,0,541,69248,41.94414787506685,0.9103275286574393
PPO,0,556,71168,43.091090000001714,0.781169525769406
PPO,0,571,73088,44.23654191708192,0.8894656473033064
PPO,0,586,75008,45.38290375005454,0.8881462085282021
PPO,0,601,76928,46.58579141704831,1.0473112951191053
PPO,0,616,78848,47.70694454200566,1.0471857717227704
PPO,0,631,80768,48.83628654200584,0.9552099483638639
PPO,0,646,82688,49.96907012502197,1.0511359846125923
PPO,0,661,84608,51.11185520805884,0.9890368394712681
PPO,0,676,86528,52.2578125,1.2083605265558255
PPO,0,691,88448,53.395051207975484,1.11984381944803
PPO,0,706,90368,54.53661304200068,1.1575760197532163
PPO,0,721,92288,55.672134250053205,1.0105886813568856
PPO,0,736,94208,56.8212065420812,1.1594333987398309
PPO,0,751,96128,57.964209874975495,1.1886350364688387
PPO,0,766,98048,59.108827667078,1.1965240481834822
PPO,0,781,99968,60.25118245801423,1.335641341823672
PPO,0,796,101888,61.39303320797626,1.4778745589288789
PPO,0,811,103808,62.53891120804474,1.3693434071829687
PPO,0,826,105728,63.68270112504251,1.526711580707885
PPO,0,841,107648,64.82691016700119,1.6018614674939098
PPO,0,856,109568,65.97194525005762,0.9878775194824978
PPO,0,871,111488,67.12068175000604,0.9359611255552819
PPO,0,886,113408,68.26559591700789,0.8811295508097985
PPO,0,901,115328,69.41022425005212,0.948568881715093
PPO,0,916,117248,70.55517750000581,0.8061920451874102
PPO,0,931,119168,71.7727499169996,0.8648834225584099
PPO,0,946,121088,72.92682337504812,0.8819268338889082
PPO,0,961,123008,74.024762541987,0.8306833959997103
PPO,0,976,124928,75.16037575004157,0.8198341800290176
PPO,0,991,126848,76.30064720800146,0.9612787788886807
PPO,0,1006,128768,77.45516975002829,0.9831454946470135
PPO,0,1021,130688,78.6159250830533,1.142383364938028
PPO,0,1036,132608,79.77764383307658,1.0329987286675275
PPO,0,1051,134528,80.88319529197179,1.2340252392429822
PPO,0,1066,136448,82.03149175003637,1.0495638089037596
PPO,0,1081,138368,83.17678091698326,1.2816294805765214
PPO,0,1096,140288,84.32265874999575,1.399364767417985
PPO,0,1111,142208,85.46717158297542,1.141984924528423
PPO,0,1126,144128,86.61474650003947,0.9117853126378277
PPO,0,1141,146048,87.76279679196887,0.9668120977293034
PPO,0,1156,147968,88.94872275006492,0.9741027974744606
PPO,0,1171,149888,90.20063604204915,0.9272670613100142
PPO,0,1186,151808,91.32245733297896,1.0212652388840464
PPO,0,1201,153728,92.60364970797673,1.0163320812944436
PPO,0,1216,155648,93.77802149998024,1.0254007466617185
PPO,0,1231,157568,94.95901595801115,0.865995969636028
PPO,0,1246,159488,96.11421650007833,0.8424680477002078
PPO,0,1261,161408,97.27323879208416,0.9104438445553464
PPO,0,1276,163328,98.39760274998844,1.0172282951189036
PPO,0,1291,165248,99.51810250000563,1.0662797347081727
PPO,0,1306,167168,100.98741170798894,1.1873412079102477
PPO,0,1321,169088,102.22182520804927,1.1547602246032538
PPO,0,1336,171008,103.52314066700637,1.3319307909987792
PPO,0,1351,172928,104.6793423750205,1.2704835538968344
PPO,0,1366,174848,105.79983254207764,1.1312757982613357
PPO,0,1381,176768,106.88757745805196,1.330886176540476
PPO,0,1396,178688,108.03477975004353,1.080551276222731
PPO,0,1411,180608,109.17359300004318,1.1667192532954036
PPO,0,1426,182528,110.29361479205545,0.8772621849969553
PPO,0,1441,184448,111.43977120798081,0.9196132382231603
PPO,0,1456,186368,112.57422354200389,1.1565531127356823
PPO,0,1471,188288,113.723339958,1.210628323139852
PPO,0,1486,190208,114.8658102080226,1.3918995010034716
PPO,0,1501,192128,116.03075174998958,1.1171941033312756
PPO,0,1516,194048,117.32494758302346,1.3956549512176668
PPO,0,1531,195968,118.48938258306589,1.7799395903664177
PPO,0,1546,197888,119.9134975830093,1.4038660335224944
PPO,0,1561,199808,121.08669224998448,1.4953939182294844
PPO,0,1576,201728,122.23507070797496,1.7691195282702412
PPO,0,1591,203648,123.37479625002015,1.6627318101915505
PPO,0,1606,205568,124.54263887507841,1.3585398942815199
PPO,0,1621,207488,125.70397054206114,1.7157343302936487
PPO,0,1636,209408,126.84571941697504,1.292342739559166
PPO,0,1651,211328,128.0242571249837,1.2445794518109863
PPO,0,1666,213248,129.20679704204667,1.2031213264197875
PPO,0,1681,215168,130.34435445803683,1.0473927886872814
PPO,0,1696,217088,131.47982120804954,1.237145209430368
PPO,0,1711,219008,132.5797584169777,1.0529136270722306
PPO,0,1726,220928,133.72997787501663,1.1485238936284963
PPO,0,1741,222848,134.88777645805385,1.3785572869916263
PPO,0,1756,224768,136.03897091699764,1.5692819849272892
PPO,0,1771,226688,137.37130545801483,1.606426763180262
PPO,0,1786,228608,138.49690799997188,1.6126183129277147
PPO,0,1801,230528,139.55446816701442,1.6302214158049007
PPO,0,1816,232448,140.71317995805293,1.5790012591463163
PPO,0,1831,234368,141.84971745801158,1.270759035644418
PPO,0,1846,236288,142.99637516704388,1.371735751413545
PPO,0,1861,238208,144.28387862502132,1.5464252180967384
PPO,0,1876,240128,145.4025449580513,1.4703749939051922
PPO,0,1891,242048,146.56137612496968,1.3500086564167113
PPO,0,1906,243968,148.0043594579911,1.3342121091566055
PPO,0,1921,245888,149.47192508308217,1.5257462721990354
PPO,0,1936,247808,150.63250987499487,1.528115278991351
PPO,0,1951,249728,151.86345725005958,1.4987173090907748
PPO,0,1966,251648,153.00121658307035,1.3053490054968544
PPO,0,1981,253568,154.30992541706655,1.3642998215530415
PPO,0,1996,255488,155.60698720801156,1.457941147945089
PPO,0,2011,257408,156.95508095808327,1.4726032588260052
PPO,0,2026,259328,158.1941069170134,1.5253176933416697
PPO,0,2041,261248,159.37618516699877,1.636349934139465
PPO,0,2056,263168,160.57538441708311,1.5770960555470128
PPO,0,2071,265088,161.86828816705383,1.6213803171784253
PPO,0,2086,267008,163.11910420807544,1.5985801058019962
PPO,0,2101,268928,164.26291520800442,1.624755653236059
PPO,0,2116,270848,165.42534754204098,1.5675465890147944
PPO,0,2131,272768,166.60751600004733,1.608522483875092
PPO,0,2146,274688,167.76358929206617,1.6736416391771365
PPO,0,2161,276608,168.9428374170093,1.6308222383619666
PPO,0,2176,278528,170.2487533329986,1.5495443424519086
PPO,0,2191,280448,171.52192066702992,1.5406860977534986
PPO,0,2206,282368,173.09360045799986,1.5432596056262422
PPO,0,2221,284288,174.48479474999476,1.4682196563200614
PPO,0,2236,286208,175.8909979170421,1.450133952979584
PPO,0,2251,288128,177.13770299998578,1.4292669987743296
PPO,0,2266,290048,178.63954187498894,1.515998663688166
PPO,0,2281,291968,179.78897058300208,1.4483560558953705
PPO,0,2296,293888,180.94015504198615,1.3527259541946925
PPO,0,2311,295808,182.0939461250091,1.3885366525348544
PPO,0,2326,297728,183.2545824170811,1.4270048220400866
PPO,0,2341,299648,184.41394308302552,1.1780558989736705
PPO,0,2356,301568,185.54286250006407,1.278111424391711
PPO,0,2371,303488,186.66733333305456,1.3218001777610837
PPO,0,2386,305408,187.80222529207822,1.2199006808218393
PPO,0,2401,307328,188.94500979199074,1.468011980774592
PPO,0,2416,309248,190.08256995806005,1.3613270362581869
PPO,0,2431,311168,191.21418216708116,1.202815076977085
PPO,0,2446,313088,192.34328799997456,1.5794093482232827
PPO,0,2461,315008,193.46663129201625,1.583714142016563
PPO,0,2476,316928,194.6066980420146,1.4759370294682361
PPO,0,2491,318848,195.73650258302223,1.4781257003059096
PPO,0,2506,320768,196.8692787080072,1.552352051112494
PPO,0,2521,322688,198.0059928749688,1.4643945340119786
PPO,0,2536,324608,199.13170762499794,1.4683606239024976
PPO,0,2551,326528,200.26300954201724,1.4658667508820704
PPO,0,2566,328448,201.39425495802425,1.559919532075062
PPO,0,2581,330368,202.529904874973,1.5698537426986134
PPO,0,2596,332288,203.66705883305985,1.5368317053826877
PPO,0,2611,334208,204.86919916700572,1.3339945279035752
PPO,0,2626,336128,206.03811225004029,1.3757337022465699
PPO,0,2641,338048,207.24063920800108,1.3579100079316193
PPO,0,2656,339968,208.43458187498618,1.5865577312241004
PPO,0,2671,341888,209.64121695805807,1.829200739274731
PPO,0,2686,343808,210.84466625005007,1.6376433048797328
PPO,0,2701,345728,212.04156174999662,1.517110388482894
PPO,0,2716,347648,213.3936988330679,1.5298320236072893
PPO,0,2731,349568,214.9167727919994,1.5678669803936893
PPO,0,2746,351488,216.12997533299495,1.8248929728631944
PPO,0,2761,353408,217.3131679170765,1.6439853016075086
PPO,0,2776,355328,218.5105206250446,1.6833977584418616
PPO,0,2791,357248,219.68654754199088,1.4512525684950748
PPO,0,2806,359168,220.82769779197406,1.3481257655970325
PPO,0,2821,361088,221.9009657080751,1.3992376235876494
PPO,0,2836,363008,222.97489237505943,1.4303942068812814
PPO,0,2851,364928,224.06764312507585,1.299076981557577
PPO,0,2866,366848,225.16840604203753,1.3272077176970924
PPO,0,2881,368768,226.26150650007185,1.3302237461811774
PPO,0,2896,370688,227.438501458033,1.3628491916712528
PPO,0,2911,372608,228.8522556250682,1.3866009426192574
PPO,0,2926,374528,230.26455929200165,1.2412687422265352
PPO,0,2941,376448,231.52544395800214,1.2134593744684818
PPO,0,2956,378368,232.77473195805214,1.2817015125524747
PPO,0,2971,380288,233.94310666702222,1.3597690983774868
PPO,0,2986,382208,235.1088662080001,1.355660413044088
PPO,0,3000,384000,236.3954472920159,1.362049225755849
