method,seed,iteration,episodes,wall_clock_s,exploitability,eta
NFSP,0,1500,1500,0.6551671670749784,2.1727085,0.05
NFSP,0,3000,3000,1.322431500069797,2.1727085,0.05
NFSP,0,4500,4500,1.998986125108786,2.1727085,0.05
NFSP,0,6000,6000,2.6867036670446396,2.1727085,0.05
NFSP,0,7500,7500,3.3577132500940934,2.1727085,0.05
NFSP,0,9000,9000,4.02921625005547,2.2301636,0.05
NFSP,0,10500,10500,4.727582334075123,2.5435102,0.05
NFSP,0,12000,12000,5.410607084049843,2.4817019,0.05
NFSP,0,13500,13500,6.1241256250068545,2.7755466,0.05
NFSP,0,15000,15000,6.879574292106554,2.9018946,0.05
NFSP,0,16500,16500,7.670479542110115,2.8578181,0.05
NFSP,0,18000,18000,8.478486459003761,2.7391305,0.05
NFSP,0,19500,19500,9.31487450003624,2.624455,0.05
NFSP,0,21000,21000,10.166670250007883,2.5774477,0.05
NFSP,0,22500,22500,11.026230959105305,2.542249,0.05
NFSP,0,24000,24000,11.891080750036053,2.519962,0.05
NFSP,0,25500,25500,12.770267209038138,2.5047703,0.05
NFSP,0,27000,27000,13.657960167038254,2.492187,0.05
NFSP,0,28500,28500,14.548387792077847,2.4749079,0.05
NFSP,0,30000,30000,15.44503187504597,2.4577014,0.05
NFSP,0,31500,31500,16.355352084035985,2.435091,0.05
NFSP,0,33000,33000,17.277347124996595,2.4121666,0.05
NFSP,0,34500,34500,18.189039709046483,2.3907666,0.05
NFSP,0,36000,36000,19.105805959086865,2.3687196,0.05
NFSP,0,37500,37500,20.023052042000927,2.3545814,0.05
NFSP,0,39000,39000,20.940908959018998,2.3363647,0.05
NFSP,0,40500,40500,21.87461695901584,2.3210917,0.05
NFSP,0,42000,42000,22.81329808407463,2.3075604,0.05
NFSP,0,43500,43500,23.759669417049736,2.293647,0.05
NFSP,0,45000,45000,24.697410459048115,2.2866578,0.05
NFSP,0,46500,46500,25.642884000088088,2.2733545,0.05
NFSP,0,48000,48000,26.59021745901555,2.2604322,0.05
NFSP,0,49500,49500,27.539135541999713,2.249946,0.05
NFSP,0,51000,51000,28.501379834022373,2.2449408,0.05
NFSP,0,52500,52500,29.463615584070794,2.238576,0.05
NFSP,0,54000,54000,30.43065191700589,2.2322617,0.05
NFSP,0,55500,55500,31.39931929204613,2.2309453,0.05
NFSP,0,57000,57000,32.37919816700742,2.2341132,0.05
NFSP,0,58500,58500,33.353044417104684,2.229877,0.05
NFSP,0,60000,60000,34.34766216704156,2.2283852,0.05
NFSP,0,61500,61500,35.34671250008978,2.2275863,0.05
NFSP,0,63000,63000,36.32916145899799,2.2228627,0.05
NFSP,0,64500,64500,37.31594437500462,2.22328,0.05
NFSP,0,66000,66000,38.30585300002713,2.224158,0.05
NFSP,0,67500,67500,39.29199820908252,2.2270155,0.05
NFSP,0,69000,69000,40.28518454206642,2.2282546,0.05
NFSP,0,70500,70500,41.287211125018075,2.2264805,0.05
NFSP,0,72000,72000,42.27923741703853,2.2255898,0.05
NFSP,0,73500,73500,43.28326662501786,2.2320995,0.05
NFSP,0,75000,75000,44.272423750022426,2.2333307,0.05
NFSP,0,76500,76500,45.284028792055324,2.2303536,0.05
NFSP,0,78000,78000,46.28682800009847,2.2397568,0.05
NFSP,0,79500,79500,47.29927745903842,2.2356973,0.05
NFSP,0,81000,81000,48.30601200007368,2.2433617,0.05
NFSP,0,82500,82500,49.32728016702458,2.252532,0.05
NFSP,0,84000,84000,50.3463395840954,2.2577991,0.05
NFSP,0,85500,85500,51.36282550008036,2.257362,0.05
NFSP,0,87000,87000,52.40635533409659,2.25054,0.05
NFSP,0,88500,88500,53.44265891704708,2.268199,0.05
NFSP,0,90000,90000,54.46822075010277,2.262495,0.05
NFSP,0,91500,91500,55.50923595903441,2.2600307,0.05
NFSP,0,93000,93000,56.538095250027254,2.2586906,0.05
NFSP,0,94500,94500,57.58147945906967,2.2463923,0.05
NFSP,0,96000,96000,58.62188741704449,2.2445679,0.05
NFSP,0,97500,97500,59.673507041996345,2.2318027,0.05
NFSP,0,99000,99000,60.714541667024605,2.2290435,0.05
NFSP,0,100500,100500,61.768501959042624,2.2210755,0.05
NFSP,0,102000,102000,62.82137275009882,2.231833,0.05
NFSP,0,103500,103500,63.87285937508568,2.2123551,0.05
NFSP,0,105000,105000,64.9461995420279,2.2022116,0.05
NFSP,0,106500,106500,65.98592408408877,2.1982236,0.05
NFSP,0,108000,108000,67.04280508402735,2.1863546,0.05
NFSP,0,109500,109500,68.09010208409745,2.1755745,0.05
NFSP,0,111000,111000,69.14724920899607,2.1579266,0.05
NFSP,0,112500,112500,70.19344158400781,2.1600695,0.05
NFSP,0,114000,114000,71.23902183410246,2.1463857,0.05
NFSP,0,115500,115500,72.29641008400358,2.133511,0.05
NFSP,0,117000,117000,73.34867208404467,2.1149647,0.05
NFSP,0,118500,118500,74.4058262500912,2.1045444,0.05
NFSP,0,120000,120000,75.46682358405087,2.107267,0.05
NFSP,0,121500,121500,76.52553133410402,2.0957828,0.05
NFSP,0,123000,123000,77.57762620900758,2.084624,0.05
NFSP,0,124500,124500,78.63391804206185,2.069108,0.05
NFSP,0,126000,126000,79.6940422920743,2.0414991,0.05
NFSP,0,127500,127500,80.83187204203568,2.0399318,0.05
NFSP,0,129000,129000,81.92695475008804,2.0338552,0.05
NFSP,0,130500,130500,82.98744958406314,2.0093615,0.05
NFSP,0,132000,132000,84.0359376250999,2.0130806,0.05
NFSP,0,133500,133500,85.08540725009516,1.9967742,0.05
NFSP,0,135000,135000,86.14087458408903,2.001597,0.05
NFSP,0,136500,136500,87.1995299590053,1.9998488,0.05
NFSP,0,138000,138000,88.27391966700088,1.9861214,0.05
NFSP,0,139500,139500,89.34202512504999,1.9541214,0.05
NFSP,0,141000,141000,90.40584745910019,1.9555335,0.05
NFSP,0,142500,142500,91.45750291703735,1.9371984,0.05
NFSP,0,144000,144000,92.52122533402871,1.9419318,0.05
NFSP,0,145500,145500,93.58842445909977,1.9418392,0.05
NFSP,0,147000,147000,94.6753746670438,1.9270716,0.05
NFSP,0,148500,148500,95.76448262506165,1.9150871,0.05
NFSP,0,150000,150000,96.82360366708599,1.9087096,0.05
NFSP,1,1500,1500,0.6499030829872936,2.2701573,0.05
NFSP,1,3000,3000,1.3150979580823332,2.2701573,0.05
NFSP,1,4500,4500,1.984996792045422,2.2701573,0.05
NFSP,1,6000,6000,2.6561984170693904,2.2701573,0.05
NFSP,1,7500,7500,3.3395435829879716,2.2701573,0.05
NFSP,1,9000,9000,4.020286999992095,2.5508783,0.05
NFSP,1,10500,10500,4.703876125044189,2.582773,0.05
NFSP,1,12000,12000,5.404715541983023,2.9508815,0.05
NFSP,1,13500,13500,6.1539018750190735,3.0424466,0.05
NFSP,1,15000,15000,6.938752999994904,2.9849954,0.05
NFSP,1,16500,16500,7.751267833053134,2.8543167,0.05
NFSP,1,18000,18000,8.573502417071722,2.696792,0.05
NFSP,1,19500,19500,9.421922374982387,2.612835,0.05
NFSP,1,21000,21000,10.281175417010672,2.5781045,0.05
NFSP,1,22500,22500,11.141323375049978,2.5640497,0.05
NFSP,1,24000,24000,12.032738875015639,2.5528986,0.05
NFSP,1,25500,25500,12.933272042078897,2.5334609,0.05
NFSP,1,27000,27000,13.83662950003054,2.5074015,0.05
NFSP,1,28500,28500,14.751653625047766,2.4848318,0.05
NFSP,1,30000,30000,15.659030208014883,2.4612927,0.05
NFSP,1,31500,31500,16.569987541995943,2.4439445,0.05
NFSP,1,33000,33000,17.49026887502987,2.429492,0.05
NFSP,1,34500,34500,18.414565999992192,2.412241,0.05
NFSP,1,36000,36000,19.3368676250102,2.3859818,0.05
NFSP,1,37500,37500,20.26073608302977,2.3683858,0.05
NFSP,1,39000,39000,21.19001320807729,2.3559875,0.05
NFSP,1,40500,40500,22.116971499985084,2.3438041,0.05
NFSP,1,42000,42000,23.05043912504334,2.3335805,0.05
NFSP,1,43500,43500,23.994317625067197,2.3171163,0.05
NFSP,1,45000,45000,24.95370166702196,2.3064394,0.05
NFSP,1,46500,46500,25.89972750004381,2.3001974,0.05
NFSP,1,48000,48000,26.851872500032187,2.2897515,0.05
NFSP,1,49500,49500,27.832233207998797,2.2876668,0.05
NFSP,1,51000,51000,28.810950083076023,2.2921672,0.05
NFSP,1,52500,52500,29.785975250066258,2.2864156,0.05
NFSP,1,54000,54000,30.759217792074196,2.2737339,0.05
NFSP,1,55500,55500,31.749477250035852,2.2658572,0.05
NFSP,1,57000,57000,32.73235325003043,2.258492,0.05
NFSP,1,58500,58500,33.71894141705707,2.25722,0.05
NFSP,1,60000,60000,34.71240362501703,2.261866,0.05
NFSP,1,61500,61500,35.69838108308613,2.2572985,0.05
NFSP,1,63000,63000,36.699099167017266,2.2580528,0.05
NFSP,1,64500,64500,37.70059316698462,2.2537131,0.05
NFSP,1,66000,66000,38.70259550004266,2.2498932,0.05
NFSP,1,67500,67500,39.70344970806036,2.249395,0.05
NFSP,1,69000,69000,40.72336154198274,2.247168,0.05
NFSP,1,70500,70500,41.737963833031245,2.239574,0.05
NFSP,1,72000,72000,42.751851625042036,2.242794,0.05
NFSP,1,73500,73500,43.756647041998804,2.2433326,0.05
NFSP,1,75000,75000,44.77569208305795,2.2372918,0.05
NFSP,1,76500,76500,45.792483250028454,2.2372198,0.05
NFSP,1,78000,78000,46.82035320799332,2.227672,0.05
NFSP,1,79500,79500,47.85918220807798,2.2218277,0.05
NFSP,1,81000,81000,48.88540341705084,2.223672,0.05
NFSP,1,82500,82500,49.92456541699357,2.2296371,0.05
NFSP,1,84000,84000,50.96367079205811,2.2274196,0.05
NFSP,1,85500,85500,52.012217583018355,2.2343888,0.05
NFSP,1,87000,87000,53.05665312509518,2.238252,0.05
NFSP,1,88500,88500,54.0949185420759,2.228147,0.05
NFSP,1,90000,90000,55.14618100004736,2.2196794,0.05
NFSP,1,91500,91500,56.19589783309493,2.2141068,0.05
NFSP,1,93000,93000,57.24670583300758,2.2027378,0.05
NFSP,1,94500,94500,58.321723042055964,2.2033215,0.05
NFSP,1,96000,96000,59.378690249985084,2.203146,0.05
NFSP,1,97500,97500,60.43026933306828,2.2081552,0.05
NFSP,1,99000,99000,61.4879622500157,2.1918025,0.05
NFSP,1,100500,100500,62.5401016670512,2.1882212,0.05
NFSP,1,102000,102000,63.60671841702424,2.1727042,0.05
NFSP,1,103500,103500,64.72443962504622,2.1652405,0.05
NFSP,1,105000,105000,65.78624124999624,2.1710267,0.05
NFSP,1,106500,106500,66.83516275009606,2.177958,0.05
NFSP,1,108000,108000,67.88395429204684,2.1681428,0.05
NFSP,1,109500,109500,68.95140962500591,2.1571667,0.05
NFSP,1,111000,111000,70.0140259580221,2.1485527,0.05
NFSP,1,112500,112500,71.07454529206734,2.1510637,0.05
NFSP,1,114000,114000,72.13608254201245,2.1467872,0.05
NFSP,1,115500,115500,73.19950895803049,2.1345584,0.05
NFSP,1,117000,117000,74.26189033302944,2.1377332,0.05
NFSP,1,118500,118500,75.33269525005016,2.1178248,0.05
NFSP,1,120000,120000,76.39827708306257,2.103065,0.05
NFSP,1,121500,121500,77.46770441706758,2.1089463,0.05
NFSP,1,123000,123000,78.53692004201002,2.1066833,0.05
NFSP,1,124500,124500,79.5991699170554,2.0806422,0.05
NFSP,1,126000,126000,80.66656875004992,2.0959466,0.05
NFSP,1,127500,127500,81.73709112498909,2.0889287,0.05
NFSP,1,129000,129000,82.80379612499382,2.066533,0.05
NFSP,1,130500,130500,83.86767891701311,2.0695333,0.05
NFSP,1,132000,132000,84.94250200001989,2.0501723,0.05
NFSP,1,133500,133500,86.00615762500092,2.050573,0.05
NFSP,1,135000,135000,87.07741550006904,2.0505555,0.05
NFSP,1,136500,136500,88.17272504209541,2.050161,0.05
NFSP,1,138000,138000,89.24589183309581,2.0392313,0.05
NFSP,1,139500,139500,90.317612792016,2.0282576,0.05
NFSP,1,141000,141000,91.38353933300823,2.0057757,0.05
NFSP,1,142500,142500,92.46278479206376,2.0065548,0.05
NFSP,1,144000,144000,93.52343612501863,2.0059342,0.05
NFSP,1,145500,145500,94.58233291702345,2.000907,0.05
NFSP,1,147000,147000,95.65945883304812,1.9931515,0.05
NFSP,1,148500,148500,96.72404141700827,1.975956,0.05
NFSP,1,150000,150000,97.78783791698515,1.9822859,0.05
NFSP,0,1500,1500,0.6431689170422032,2.1727085,0.1
NFSP,0,3000,3000,1.3030432080850005,2.1727085,0.1
NFSP,0,4500,4500,2.0102066670078784,2.1727085,0.1
NFSP,0,6000,6000,2.7648878750624135,2.585837,0.1
NFSP,0,7500,7500,3.7055573750985786,3.054967,0.1
NFSP,0,9000,9000,4.709540417068638,3.0295663,0.1
NFSP,0,10500,10500,5.7328201670898125,2.9852877,0.1
NFSP,0,12000,12000,6.618603875045665,2.8843203,0.1
NFSP,0,13500,13500,7.495895875035785,2.7758088,0.1
NFSP,0,15000,15000,8.465580958058126,2.6898198,0.1
NFSP,0,16500,16500,9.641968042007647,2.603344,0.1
NFSP,0,18000,18000,10.659197417087853,2.5490313,0.1
NFSP,0,19500,19500,11.614349417039193,2.498896,0.1
NFSP,0,21000,21000,12.645077374996617,2.4582872,0.1
NFSP,0,22500,22500,13.707246500067413,2.4139843,0.1
NFSP,0,24000,24000,14.782182125025429,2.3904305,0.1
NFSP,0,25500,25500,15.79905591707211,2.3609257,0.1
NFSP,0,27000,27000,16.771193625056185,2.341066,0.1
NFSP,0,28500,28500,17.762211167020723,2.3233538,0.1
NFSP,0,30000,30000,18.864166458020918,2.3045347,0.1
NFSP,0,31500,31500,19.926005458110012,2.2887049,0.1
NFSP,0,33000,33000,20.97350429208018,2.2715077,0.1
NFSP,0,34500,34500,22.07674470799975,2.2563856,0.1
NFSP,0,36000,36000,23.257579792058095,2.2414422,0.1
NFSP,0,37500,37500,24.30983691709116,2.231306,0.1
NFSP,0,39000,39000,25.326109750079922,2.2195773,0.1
NFSP,0,40500,40500,26.400397125049494,2.2180903,0.1
NFSP,0,42000,42000,27.490521167055704,2.2200108,0.1
NFSP,0,43500,43500,28.532185042044148,2.208838,0.1
NFSP,0,45000,45000,29.573374750092626,2.2049751,0.1
NFSP,0,46500,46500,30.602613792056218,2.2016892,0.1
NFSP,0,48000,48000,31.636537292040884,2.1977177,0.1
NFSP,0,49500,49500,32.7124402920017,2.191464,0.1
NFSP,0,51000,51000,33.88110591704026,2.191719,0.1
NFSP,0,52500,52500,35.14798058301676,2.1876159,0.1
NFSP,0,54000,54000,36.43048729200382,2.181366,0.1
NFSP,0,55500,55500,37.51773095806129,2.1798234,0.1
NFSP,0,57000,57000,38.585897458018735,2.1757681,0.1
NFSP,0,58500,58500,39.6506863750983,2.1626635,0.1
NFSP,0,60000,60000,40.729058667086065,2.1748476,0.1
NFSP,0,61500,61500,41.7682035000762,2.1682467,0.1
NFSP,0,63000,63000,42.780164499999955,2.1727047,0.1
NFSP,0,64500,64500,43.785609875107184,2.171625,0.1
NFSP,0,66000,66000,44.79832629207522,2.158721,0.1
NFSP,0,67500,67500,45.8241081670858,2.156941,0.1
NFSP,0,69000,69000,46.85469816706609,2.1509197,0.1
NFSP,0,70500,70500,47.87724616704509,2.1480708,0.1
NFSP,0,72000,72000,48.91998395801056,2.1391678,0.1
NFSP,0,73500,73500,49.96726225002203,2.1366968,0.1
NFSP,0,75000,75000,51.00458125001751,2.1293106,0.1
NFSP,0,76500,76500,52.037024458055384,2.1218915,0.1
NFSP,0,78000,78000,53.07327279204037,2.1127808,0.1
NFSP,0,79500,79500,54.11094325000886,2.0955808,0.1
NFSP,0,81000,81000,55.137818832998164,2.088315,0.1
NFSP,0,82500,82500,56.176914750016294,2.0837488,0.1
NFSP,0,84000,84000,57.224377750069834,2.0831788,0.1
NFSP,0,85500,85500,58.255605292040855,2.0752878,0.1
NFSP,0,87000,87000,59.296581667033024,2.0690703,0.1
NFSP,0,88500,88500,60.33945933310315,2.0512931,0.1
NFSP,0,90000,90000,61.3805265420815,2.0412157,0.1
NFSP,0,91500,91500,62.537108583026566,2.0332637,0.1
NFSP,0,93000,93000,63.601380333071575,2.035499,0.1
NFSP,0,94500,94500,64.66190066700801,2.018295,0.1
NFSP,0,96000,96000,65.69877025007736,2.0064287,0.1
NFSP,0,97500,97500,66.7512162080966,1.9965042,0.1
NFSP,0,99000,99000,67.80351745802909,1.9897351,0.1
NFSP,0,100500,100500,68.85297475010157,1.987477,0.1
NFSP,0,102000,102000,69.91213708301075,1.9901128,0.1
NFSP,0,103500,103500,70.95106066705193,1.976798,0.1
NFSP,0,105000,105000,71.99854450009298,1.9667683,0.1
NFSP,0,106500,106500,73.04184304201044,1.9593897,0.1
NFSP,0,108000,108000,74.08663241704926,1.9574614,0.1
NFSP,0,109500,109500,75.13884320808575,1.9480155,0.1
NFSP,0,111000,111000,76.19409554207232,1.9468974,0.1
NFSP,0,112500,112500,77.2311004580697,1.932673,0.1
NFSP,0,114000,114000,78.27749170805328,1.931844,0.1
NFSP,0,115500,115500,79.33215466700494,1.9220794,0.1
NFSP,0,117000,117000,80.37597337504849,1.9164401,0.1
NFSP,0,118500,118500,81.42810287501197,1.9162369,0.1
NFSP,0,120000,120000,82.47987987508532,1.9207127,0.1
NFSP,0,121500,121500,83.61977195809595,1.9151322,0.1
NFSP,0,123000,123000,84.71529787511099,1.9028108,0.1
NFSP,0,124500,124500,85.77684929210227,1.9004564,0.1
NFSP,0,126000,126000,86.83545037510339,1.8955792,0.1
NFSP,0,127500,127500,87.86915504210629,1.9033262,0.1
NFSP,0,129000,129000,88.90988250006922,1.906811,0.1
NFSP,0,130500,130500,89.96633304201532,1.8983958,0.1
NFSP,0,132000,132000,91.02201708301436,1.8796879,0.1
NFSP,0,133500,133500,92.07530533301178,1.874463,0.1
NFSP,0,135000,135000,93.12856662506238,1.8733833,0.1
NFSP,0,136500,136500,94.18402329203673,1.8602254,0.1
NFSP,0,138000,138000,95.23331175011117,1.8661945,0.1
NFSP,0,139500,139500,96.28589579206891,1.8605081,0.1
NFSP,0,141000,141000,97.34641108301003,1.8516759,0.1
NFSP,0,142500,142500,98.40243112505414,1.8573892,0.1
NFSP,0,144000,144000,99.46127325005364,1.8471068,0.1
NFSP,0,145500,145500,100.51712841703556,1.832475,0.1
NFSP,0,147000,147000,101.5741943330504,1.8295134,0.1
NFSP,0,148500,148500,102.63227166701108,1.838542,0.1
NFSP,0,150000,150000,103.69615470804274,1.8327622,0.1
NFSP,1,1500,1500,0.6676243749679998,2.2701573,0.1
NFSP,1,3000,3000,1.3491132919443771,2.2701573,0.1
NFSP,1,4500,4500,2.0411691250046715,2.3215628,0.1
NFSP,1,6000,6000,2.7427832919638604,2.7034569,0.1
NFSP,1,7500,7500,3.4770054169930518,3.1666098,0.1
NFSP,1,9000,9000,4.235511583974585,3.0818346,0.1
NFSP,1,10500,10500,5.032031874987297,2.9877756,0.1
NFSP,1,12000,12000,5.853125875000842,2.8550258,0.1
NFSP,1,13500,13500,6.701448458945379,2.7226777,0.1
NFSP,1,15000,15000,7.651836124947295,2.6459074,0.1
NFSP,1,16500,16500,8.545249833958223,2.5838678,0.1
NFSP,1,18000,18000,9.42931133392267,2.5418212,0.1
NFSP,1,19500,19500,10.306372291990556,2.5064151,0.1
NFSP,1,21000,21000,11.175959874992259,2.4699302,0.1
NFSP,1,22500,22500,12.055494791944511,2.4330902,0.1
NFSP,1,24000,24000,12.937964666984044,2.4106677,0.1
NFSP,1,25500,25500,13.851275416905992,2.3918002,0.1
NFSP,1,27000,27000,14.766650208970532,2.3678246,0.1
NFSP,1,28500,28500,15.685254041920416,2.3509338,0.1
NFSP,1,30000,30000,16.610568708973005,2.3314273,0.1
NFSP,1,31500,31500,17.532968583982438,2.3181095,0.1
NFSP,1,33000,33000,18.46278983389493,2.3018532,0.1
NFSP,1,34500,34500,19.397505500004627,2.2869377,0.1
NFSP,1,36000,36000,20.338400916894898,2.277544,0.1
NFSP,1,37500,37500,21.271423708996736,2.2722473,0.1
NFSP,1,39000,39000,22.221724916948006,2.2631936,0.1
NFSP,1,40500,40500,23.168188916984946,2.2526941,0.1
NFSP,1,42000,42000,24.120617999928072,2.2449276,0.1
NFSP,1,43500,43500,25.074561166926287,2.2352674,0.1
NFSP,1,45000,45000,26.036203958909027,2.233583,0.1
NFSP,1,46500,46500,27.001606666948646,2.230836,0.1
NFSP,1,48000,48000,27.97397974994965,2.2275743,0.1
NFSP,1,49500,49500,28.951290791970678,2.2230828,0.1
NFSP,1,51000,51000,29.938809166895226,2.2235246,0.1
NFSP,1,52500,52500,30.949400916928425,2.2125173,0.1
NFSP,1,54000,54000,31.94757324992679,2.2018137,0.1
NFSP,1,55500,55500,32.959901041933335,2.200577,0.1
NFSP,1,57000,57000,33.95553545898292,2.191739,0.1
NFSP,1,58500,58500,35.0856784589123,2.1882787,0.1
NFSP,1,60000,60000,36.13029949995689,2.186421,0.1
NFSP,1,61500,61500,37.17449358396698,2.1806974,0.1
NFSP,1,63000,63000,38.20016979193315,2.1728144,0.1
NFSP,1,64500,64500,39.22001724992879,2.1714268,0.1
NFSP,1,66000,66000,40.2449524999829,2.1686354,0.1
NFSP,1,67500,67500,41.27767124993261,2.1544867,0.1
NFSP,1,69000,69000,42.3176514999941,2.1472287,0.1
NFSP,1,70500,70500,43.360856083920226,2.1386116,0.1
NFSP,1,72000,72000,44.38609449996147,2.142696,0.1
NFSP,1,73500,73500,45.42570320889354,2.127159,0.1
NFSP,1,75000,75000,46.46203874994535,2.1218724,0.1
NFSP,1,76500,76500,47.50197520898655,2.1207874,0.1
NFSP,1,78000,78000,48.55440241692122,2.1117854,0.1
NFSP,1,79500,79500,49.60274374997243,2.0978262,0.1
NFSP,1,81000,81000,50.652467584004626,2.0936837,0.1
NFSP,1,82500,82500,51.69911604200024,2.0857167,0.1
NFSP,1,84000,84000,52.74148437497206,2.0820317,0.1
NFSP,1,85500,85500,53.789433375000954,2.067815,0.1
NFSP,1,87000,87000,54.844208041904494,2.0611284,0.1
NFSP,1,88500,88500,55.88951524998993,2.0447645,0.1
NFSP,1,90000,90000,56.94889899995178,2.0417538,0.1
NFSP,1,91500,91500,57.99596145900432,2.0279942,0.1
NFSP,1,93000,93000,59.05895666696597,2.0160208,0.1
NFSP,1,94500,94500,60.11907062493265,2.0025492,0.1
NFSP,1,96000,96000,61.176945708924904,2.0052335,0.1
NFSP,1,97500,97500,62.31776483391877,1.9816042,0.1
NFSP,1,99000,99000,63.41099658398889,1.9777699,0.1
NFSP,1,100500,100500,64.48162737500388,1.9597985,0.1
NFSP,1,102000,102000,65.52830483391881,1.9577633,0.1
NFSP,1,103500,103500,66.56964108394459,1.9623222,0.1
NFSP,1,105000,105000,67.61960987490602,1.95103,0.1
NFSP,1,106500,106500,68.68211412499659,1.9370327,0.1
NFSP,1,108000,108000,69.73788254195824,1.9334022,0.1
NFSP,1,109500,109500,70.79386754194275,1.9323975,0.1
NFSP,1,111000,111000,71.83651008398738,1.9174764,0.1
NFSP,1,112500,112500,72.8812066669343,1.908678,0.1
NFSP,1,114000,114000,73.92213462491054,1.902183,0.1
NFSP,1,115500,115500,74.96778316691052,1.8912988,0.1
NFSP,1,117000,117000,76.01615120889619,1.891566,0.1
NFSP,1,118500,118500,77.06382995890453,1.9003737,0.1
NFSP,1,120000,120000,78.10705908399541,1.8910553,0.1
NFSP,1,121500,121500,79.15649008390028,1.8809788,0.1
NFSP,1,123000,123000,80.21349374996498,1.8700454,0.1
NFSP,1,124500,124500,81.2671099168947,1.8591579,0.1
NFSP,1,126000,126000,82.32368924992625,1.8642216,0.1
NFSP,1,127500,127500,83.39485874993261,1.8659203,0.1
NFSP,1,129000,129000,84.4561199588934,1.8614242,0.1
NFSP,1,130500,130500,85.50498687499203,1.8532273,0.1
NFSP,1,132000,132000,86.56438354193233,1.8515618,0.1
NFSP,1,133500,133500,87.6205227089813,1.8507106,0.1
NFSP,1,135000,135000,88.6694108339725,1.8453723,0.1
NFSP,1,136500,136500,89.84995795891155,1.846694,0.1
NFSP,1,138000,138000,90.94673224992584,1.8339338,0.1
NFSP,1,139500,139500,92.03458745894022,1.8299553,0.1
NFSP,1,141000,141000,93.08211674995255,1.8350085,0.1
NFSP,1,142500,142500,94.14233620895538,1.8231058,0.1
NFSP,1,144000,144000,95.22166695899796,1.819994,0.1
NFSP,1,145500,145500,96.29613516689278,1.821899,0.1
NFSP,1,147000,147000,97.37981337495148,1.8077294,0.1
NFSP,1,148500,148500,98.44698212493677,1.8140628,0.1
NFSP,1,150000,150000,99.51215224992484,1.7928324,0.1
NFSP,0,1500,1500,0.6719440829474479,2.200076,0.3
NFSP,0,3000,3000,1.4099636250175536,2.757722,0.3
NFSP,0,4500,4500,2.1794892080361024,2.9455528,0.3
NFSP,0,6000,6000,2.9739122500177473,2.8981261,0.3
NFSP,0,7500,7500,3.8026474160142243,2.8041072,0.3
NFSP,0,9000,9000,4.642863624962047,2.706374,0.3
NFSP,0,10500,10500,5.4949821250047535,2.6026473,0.3
NFSP,0,12000,12000,6.352980040945113,2.497717,0.3
NFSP,0,13500,13500,7.224911708035506,2.4158916,0.3
NFSP,0,15000,15000,8.101166666019708,2.3623843,0.3
NFSP,0,16500,16500,8.985434000031091,2.3272116,0.3
NFSP,0,18000,18000,9.878822583006695,2.297988,0.3
NFSP,0,19500,19500,10.77341454103589,2.2696788,0.3
NFSP,0,21000,21000,11.677143250009976,2.2516794,0.3
NFSP,0,22500,22500,12.585148082929663,2.2319837,0.3
NFSP,0,24000,24000,13.495994915952906,2.2124505,0.3
NFSP,0,25500,25500,14.407321500009857,2.1927862,0.3
NFSP,0,27000,27000,15.309339790954255,2.185063,0.3
NFSP,0,28500,28500,16.21964966598898,2.1755507,0.3
NFSP,0,30000,30000,17.12083683302626,2.1560168,0.3
NFSP,0,31500,31500,18.108109374996275,2.13556,0.3
NFSP,0,33000,33000,19.06179391592741,2.1284628,0.3
NFSP,0,34500,34500,19.99119716603309,2.109995,0.3
NFSP,0,36000,36000,20.915772249922156,2.1126802,0.3
NFSP,0,37500,37500,21.815040749963373,2.0911784,0.3
NFSP,0,39000,39000,22.729566458030604,2.0710032,0.3
NFSP,0,40500,40500,23.646855250000954,2.0584676,0.3
NFSP,0,42000,42000,24.565527332946658,2.052779,0.3
NFSP,0,43500,43500,25.49462379096076,2.0363688,0.3
NFSP,0,45000,45000,26.436260165995918,2.0086212,0.3
NFSP,0,46500,46500,27.397379374946468,1.9993684,0.3
NFSP,0,48000,48000,28.35161079093814,1.9878801,0.3
NFSP,0,49500,49500,29.307392208022065,1.9904454,0.3
NFSP,0,51000,51000,30.26965370797552,1.9797692,0.3
NFSP,0,52500,52500,31.222207457991317,1.9665604,0.3
NFSP,0,54000,54000,32.18949870800134,1.958877,0.3
NFSP,0,55500,55500,33.159601915976964,1.9467154,0.3
NFSP,0,57000,57000,34.13530529092532,1.9457756,0.3
NFSP,0,58500,58500,35.10540816595312,1.9390359,0.3
NFSP,0,60000,60000,36.11999554093927,1.932915,0.3
NFSP,0,61500,61500,37.10570395796094,1.9021996,0.3
NFSP,0,63000,63000,38.100028833025135,1.9073262,0.3
NFSP,0,64500,64500,39.103205875027925,1.9090812,0.3
NFSP,0,66000,66000,40.12131604098249,1.8883992,0.3
NFSP,0,67500,67500,41.136585957952775,1.8847464,0.3
NFSP,0,69000,69000,42.165311916032806,1.8706304,0.3
NFSP,0,70500,70500,43.18772962503135,1.8668706,0.3
NFSP,0,72000,72000,44.216211540973745,1.8583516,0.3
NFSP,0,73500,73500,45.36096133303363,1.8623624,0.3
NFSP,0,75000,75000,46.401406083023176,1.8567908,0.3
NFSP,0,76500,76500,47.4630541249644,1.8443861,0.3
NFSP,0,78000,78000,48.50458791595884,1.83205,0.3
NFSP,0,79500,79500,49.54272204102017,1.8183823,0.3
NFSP,0,81000,81000,50.62132920802105,1.8140234,0.3
NFSP,0,82500,82500,51.68529641593341,1.7974572,0.3
NFSP,0,84000,84000,52.74459766596556,1.7856762,0.3
NFSP,0,85500,85500,53.80748645798303,1.7883419,0.3
NFSP,0,87000,87000,54.87123858300038,1.7804717,0.3
NFSP,0,88500,88500,55.94632629095577,1.7607765,0.3
NFSP,0,90000,90000,57.025151790934615,1.7589288,0.3
NFSP,0,91500,91500,58.10746274993289,1.7383487,0.3
NFSP,0,93000,93000,59.267797540989704,1.7398205,0.3
NFSP,0,94500,94500,60.428883499931544,1.7220113,0.3
NFSP,0,96000,96000,61.53353979100939,1.7048762,0.3
NFSP,0,97500,97500,62.625981790944934,1.7107687,0.3
NFSP,0,99000,99000,63.708933332934976,1.7076063,0.3
NFSP,0,100500,100500,64.7852679999778,1.6855688,0.3
NFSP,0,102000,102000,65.88181262498256,1.6785691,0.3
NFSP,0,103500,103500,66.98560808296315,1.6659671,0.3
NFSP,0,105000,105000,68.09296575002372,1.659759,0.3
NFSP,0,106500,106500,69.19866387499496,1.6738365,0.3
NFSP,0,108000,108000,70.3297969159903,1.6566083,0.3
NFSP,0,109500,109500,71.43759583297651,1.6445118,0.3
NFSP,0,111000,111000,72.54314608301502,1.6380043,0.3
NFSP,0,112500,112500,73.65617112501059,1.6340597,0.3
NFSP,0,114000,114000,74.78539212502073,1.6294947,0.3
NFSP,0,115500,115500,75.903490165947,1.6279972,0.3
NFSP,0,117000,117000,77.02686020801775,1.6195338,0.3
NFSP,0,118500,118500,78.13975600001868,1.6102912,0.3
NFSP,0,120000,120000,79.2823364159558,1.6234112,0.3
NFSP,0,121500,121500,80.4400565000251,1.6146253,0.3
NFSP,0,123000,123000,81.57341604097746,1.6070668,0.3
NFSP,0,124500,124500,82.72231199999806,1.5917718,0.3
NFSP,0,126000,126000,83.87828108295798,1.5884461,0.3
NFSP,0,127500,127500,85.01450166595168,1.5822964,0.3
NFSP,0,129000,129000,86.23245433298871,1.5825111,0.3
NFSP,0,130500,130500,87.45098049996886,1.5766289,0.3
NFSP,0,132000,132000,88.62118708295748,1.5813106,0.3
NFSP,0,133500,133500,89.7691114579793,1.5732583,0.3
NFSP,0,135000,135000,90.90525691595394,1.564904,0.3
NFSP,0,136500,136500,92.06262245797552,1.5731921,0.3
NFSP,0,138000,138000,93.20776662498247,1.5622699,0.3
NFSP,0,139500,139500,94.35330824996345,1.5720408,0.3
NFSP,0,141000,141000,95.52247999992687,1.5581567,0.3
NFSP,0,142500,142500,96.67357816593722,1.5531085,0.3
NFSP,0,144000,144000,97.81295849999879,1.5486562,0.3
NFSP,0,145500,145500,98.96276504092384,1.5512534,0.3
NFSP,0,147000,147000,100.11124387499876,1.5438883,0.3
NFSP,0,148500,148500,101.26485633302946,1.5424654,0.3
NFSP,0,150000,150000,102.41454604093451,1.5413493,0.3
NFSP,1,1500,1500,0.6822851669276133,2.2788894,0.3
NFSP,1,3000,3000,1.4310600419994444,2.8999944,0.3
NFSP,1,4500,4500,2.2079013329930604,3.159446,0.3
NFSP,1,6000,6000,3.0132299580145627,3.1480012,0.3
NFSP,1,7500,7500,3.8493858330184594,3.0759482,0.3
NFSP,1,9000,9000,4.709672958008014,2.9405928,0.3
NFSP,1,10500,10500,5.564492917037569,2.7481043,0.3
NFSP,1,12000,12000,6.437374833039939,2.5553162,0.3
NFSP,1,13500,13500,7.317261958029121,2.4667988,0.3
NFSP,1,15000,15000,8.203594957944006,2.4209375,0.3
NFSP,1,16500,16500,9.126942291972227,2.3946056,0.3
NFSP,1,18000,18000,10.048259750008583,2.3692086,0.3
NFSP,1,19500,19500,11.074865916976705,2.3547006,0.3
NFSP,1,21000,21000,12.027697582961991,2.3285255,0.3
NFSP,1,22500,22500,12.967992707970552,2.316463,0.3
NFSP,1,24000,24000,13.904987292014994,2.3024287,0.3
NFSP,1,25500,25500,14.806222875020467,2.279395,0.3
NFSP,1,27000,27000,15.715002999990247,2.2526665,0.3
NFSP,1,28500,28500,16.628159250016324,2.233418,0.3
NFSP,1,30000,30000,17.545988874975592,2.2169652,0.3
NFSP,1,31500,31500,18.45837504195515,2.1899285,0.3
NFSP,1,33000,33000,19.37622683297377,2.1684394,0.3
NFSP,1,34500,34500,20.295370499952696,2.1509173,0.3
NFSP,1,36000,36000,21.230423624976538,2.1337376,0.3
NFSP,1,37500,37500,22.15824795793742,2.1217732,0.3
NFSP,1,39000,39000,23.085932667017914,2.103534,0.3
NFSP,1,40500,40500,24.0238263750216,2.0987656,0.3
NFSP,1,42000,42000,24.954994083032943,2.0757399,0.3
NFSP,1,43500,43500,25.896763416938484,2.0630264,0.3
NFSP,1,45000,45000,26.850908874999732,2.0576475,0.3
NFSP,1,46500,46500,27.81586862495169,2.048298,0.3
NFSP,1,48000,48000,28.777025041985326,2.0451767,0.3
NFSP,1,49500,49500,29.76012129196897,2.0295763,0.3
NFSP,1,51000,51000,30.741937582963146,2.0259016,0.3
NFSP,1,52500,52500,31.742135041975416,2.0210621,0.3
NFSP,1,54000,54000,32.714337041950785,2.0034764,0.3
NFSP,1,55500,55500,33.7059272499755,1.9973872,0.3
NFSP,1,57000,57000,34.71839099994395,1.9819741,0.3
NFSP,1,58500,58500,35.73849216697272,1.968205,0.3
NFSP,1,60000,60000,36.92338154197205,1.9624063,0.3
NFSP,1,61500,61500,38.91026683303062,1.9491744,0.3
NFSP,1,63000,63000,39.94858587498311,1.9428637,0.3
NFSP,1,64500,64500,40.98226499999873,1.939676,0.3
NFSP,1,66000,66000,42.6383233750239,1.9337564,0.3
NFSP,1,67500,67500,43.78210654202849,1.9099646,0.3
NFSP,1,69000,69000,44.82583487499505,1.9001763,0.3
NFSP,1,70500,70500,45.88073370803613,1.8926028,0.3
NFSP,1,72000,72000,46.943638833006844,1.8745772,0.3
NFSP,1,73500,73500,48.02846891700756,1.8621027,0.3
NFSP,1,75000,75000,49.11570999992546,1.8477039,0.3
NFSP,1,76500,76500,50.195112042012624,1.8427056,0.3
NFSP,1,78000,78000,51.25921054196078,1.8351505,0.3
NFSP,1,79500,79500,52.34421295800712,1.8222418,0.3
NFSP,1,81000,81000,53.438382250024006,1.814292,0.3
NFSP,1,82500,82500,54.53902875003405,1.8093386,0.3
NFSP,1,84000,84000,55.64860083302483,1.7844765,0.3
NFSP,1,85500,85500,56.74649020796642,1.7706053,0.3
NFSP,1,87000,87000,57.85883083299268,1.7699078,0.3
NFSP,1,88500,88500,59.018347166944295,1.7711746,0.3
NFSP,1,90000,90000,60.14594591700006,1.7559928,0.3
NFSP,1,91500,91500,61.269689208013006,1.751502,0.3
NFSP,1,93000,93000,62.401795624988154,1.738548,0.3
NFSP,1,94500,94500,63.51565966696944,1.7292693,0.3
NFSP,1,96000,96000,64.63222637493163,1.7249279,0.3
NFSP,1,97500,97500,65.9233371670125,1.7155464,0.3
NFSP,1,99000,99000,67.10288508294616,1.713221,0.3
NFSP,1,100500,100500,68.24068179202732,1.6978955,0.3
NFSP,1,102000,102000,69.37313704192638,1.688688,0.3
NFSP,1,103500,103500,70.49056437495165,1.6788636,0.3
NFSP,1,105000,105000,71.62739195802715,1.6816014,0.3
NFSP,1,106500,106500,72.7534643750405,1.6635922,0.3
NFSP,1,108000,108000,73.90682129201014,1.657514,0.3
NFSP,1,109500,109500,75.06713650003076,1.6602366,0.3
NFSP,1,111000,111000,76.20894599996973,1.6440818,0.3
NFSP,1,112500,112500,77.3370630829595,1.6384015,0.3
NFSP,1,114000,114000,78.46368691697717,1.63516,0.3
NFSP,1,115500,115500,79.60686891700607,1.6295586,0.3
NFSP,1,117000,117000,80.75623629195616,1.629092,0.3
NFSP,1,118500,118500,81.90009208302945,1.6236665,0.3
NFSP,1,120000,120000,83.05533429200295,1.617971,0.3
NFSP,1,121500,121500,84.21608670800924,1.6240795,0.3
NFSP,1,123000,123000,85.38063345802948,1.6159011,0.3
NFSP,1,124500,124500,86.53869499999564,1.5992029,0.3
NFSP,1,126000,126000,87.7039685830241,1.6094832,0.3
NFSP,1,127500,127500,88.86530658300035,1.5981395,0.3
NFSP,1,129000,129000,90.02559854194988,1.5941019,0.3
NFSP,1,130500,130500,91.20144745800644,1.583642,0.3
NFSP,1,132000,132000,92.39574358297978,1.5901566,0.3
NFSP,1,133500,133500,93.71744866692461,1.5825095,0.3
NFSP,1,135000,135000,94.88910058303736,1.5689862,0.3
NFSP,1,136500,136500,96.03201641701162,1.5661957,0.3
NFSP,1,138000,138000,97.18687470792793,1.5639124,0.3
NFSP,1,139500,139500,98.35613295796793,1.5628474,0.3
NFSP,1,141000,141000,99.52535383298527,1.5576885,0.3
NFSP,1,142500,142500,100.68900637503248,1.561188,0.3
NFSP,1,144000,144000,101.87306629202794,1.5491233,0.3
NFSP,1,145500,145500,103.03301016695332,1.5512474,0.3
NFSP,1,147000,147000,104.19054279197007,1.5508766,0.3
NFSP,1,148500,148500,105.37578608293552,1.5351536,0.3
NFSP,1,150000,150000,106.51888920797501,1.5367908,0.3
NFSP,0,1500,1500,0.6928639160469174,2.299652,0.5
NFSP,0,3000,3000,1.5471552079543471,2.7957115,0.5
NFSP,0,4500,4500,2.3915255829924718,2.9701614,0.5
NFSP,0,6000,6000,3.239094665972516,2.982769,0.5
NFSP,0,7500,7500,4.099003582959995,2.8296797,0.5
NFSP,0,9000,9000,4.953308625030331,2.5966759,0.5
NFSP,0,10500,10500,5.803569665993564,2.4447389,0.5
NFSP,0,12000,12000,6.671567791025154,2.3542426,0.5
NFSP,0,13500,13500,7.551002208027057,2.294274,0.5
NFSP,0,15000,15000,8.451087541063316,2.2539363,0.5
NFSP,0,16500,16500,9.339639749960043,2.2299275,0.5
NFSP,0,18000,18000,10.226765541010536,2.19312,0.5
NFSP,0,19500,19500,11.127654875046574,2.1698704,0.5
NFSP,0,21000,21000,12.033417582977563,2.147272,0.5
NFSP,0,22500,22500,12.9501880829921,2.1370404,0.5
NFSP,0,24000,24000,13.995514582959004,2.1302524,0.5
NFSP,0,25500,25500,14.947000041021965,2.1200545,0.5
NFSP,0,27000,27000,15.87215854099486,2.1178367,0.5
NFSP,0,28500,28500,16.791222125058994,2.107429,0.5
NFSP,0,30000,30000,17.710653332993388,2.112815,0.5
NFSP,0,31500,31500,18.745825999998488,2.1072543,0.5
NFSP,0,33000,33000,19.83201041596476,2.0973587,0.5
NFSP,0,34500,34500,20.969655541004613,2.0901237,0.5
NFSP,0,36000,36000,22.102693291031756,2.0828395,0.5
NFSP,0,37500,37500,23.33393837499898,2.075323,0.5
NFSP,0,39000,39000,24.318746875040233,2.0627966,0.5
NFSP,0,40500,40500,25.274027250008658,2.0432487,0.5
NFSP,0,42000,42000,26.23030120797921,2.0286329,0.5
NFSP,0,43500,43500,27.643582790973596,2.0114405,0.5
NFSP,0,45000,45000,28.687227457994595,1.9942907,0.5
NFSP,0,46500,46500,29.631970374961384,1.9702749,0.5
NFSP,0,48000,48000,30.565490458044223,1.9549408,0.5
NFSP,0,49500,49500,31.53384491603356,1.9453967,0.5
NFSP,0,51000,51000,32.52600104105659,1.9282389,0.5
NFSP,0,52500,52500,33.5168889160268,1.9226539,0.5
NFSP,0,54000,54000,34.56637491600122,1.9223534,0.5
NFSP,0,55500,55500,35.72898512496613,1.9131309,0.5
NFSP,0,57000,57000,37.023260415997356,1.9070706,0.5
NFSP,0,58500,58500,38.10067854099907,1.8974099,0.5
NFSP,0,60000,60000,39.15904029097874,1.878825,0.5
NFSP,0,61500,61500,40.21769600000698,1.8781738,0.5
NFSP,0,63000,63000,41.263212457997724,1.8655258,0.5
NFSP,0,64500,64500,42.32727775000967,1.8479544,0.5
NFSP,0,66000,66000,43.42231900000479,1.8306258,0.5
NFSP,0,67500,67500,44.51113345799968,1.8163929,0.5
NFSP,0,69000,69000,46.21308995806612,1.8142558,0.5
NFSP,0,70500,70500,47.561655208002776,1.7984548,0.5
NFSP,0,72000,72000,48.99143258295953,1.7920231,0.5
NFSP,0,73500,73500,50.17657466605306,1.7793875,0.5
NFSP,0,75000,75000,51.355077582993545,1.7581174,0.5
NFSP,0,76500,76500,52.52960524999071,1.7484841,0.5
NFSP,0,78000,78000,53.71668558300007,1.729881,0.5
NFSP,0,79500,79500,55.162755249999464,1.7295085,0.5
NFSP,0,81000,81000,56.44664716604166,1.723967,0.5
NFSP,0,82500,82500,57.72789700003341,1.7049364,0.5
NFSP,0,84000,84000,59.370565540972166,1.6959716,0.5
NFSP,0,85500,85500,60.718661583028734,1.6820961,0.5
NFSP,0,87000,87000,62.31738183298148,1.684232,0.5
NFSP,0,88500,88500,63.64819524995983,1.6690307,0.5
NFSP,0,90000,90000,64.90731958299875,1.6526732,0.5
NFSP,0,91500,91500,66.32961745804641,1.6461166,0.5
NFSP,0,93000,93000,67.63137662503868,1.6324522,0.5
NFSP,0,94500,94500,68.86381637502927,1.6174107,0.5
NFSP,0,96000,96000,70.11463075003121,1.6071321,0.5
NFSP,0,97500,97500,71.25695358298253,1.6026369,0.5
NFSP,0,99000,99000,72.37637533305679,1.5861948,0.5
NFSP,0,100500,100500,73.54024758306332,1.5795333,0.5
NFSP,0,102000,102000,74.71405045804568,1.5694826,0.5
NFSP,0,103500,103500,75.89173908298835,1.5652182,0.5
NFSP,0,105000,105000,77.05220912501682,1.5629654,0.5
NFSP,0,106500,106500,78.19411499996204,1.5570924,0.5
NFSP,0,108000,108000,79.42251579102594,1.5525688,0.5
NFSP,0,109500,109500,80.61325108306482,1.5379952,0.5
NFSP,0,111000,111000,81.79581079096533,1.5384967,0.5
NFSP,0,112500,112500,82.9881074159639,1.5365739,0.5
NFSP,0,114000,114000,84.1492547079688,1.5437508,0.5
NFSP,0,115500,115500,85.49598991603125,1.5294361,0.5
NFSP,0,117000,117000,86.84882529103197,1.5224795,0.5
NFSP,0,118500,118500,88.16316279105376,1.515723,0.5
NFSP,0,120000,120000,89.45558750000782,1.515032,0.5
NFSP,0,121500,121500,90.78500341600738,1.5148469,0.5
NFSP,0,123000,123000,92.16471783304587,1.5041218,0.5
NFSP,0,124500,124500,93.5568892910378,1.5014424,0.5
NFSP,0,126000,126000,95.07522520795465,1.4995747,0.5
NFSP,0,127500,127500,96.44080766604748,1.4923108,0.5
NFSP,0,129000,129000,97.88897874997929,1.5040419,0.5
NFSP,0,130500,130500,99.28345945803449,1.4981799,0.5
NFSP,0,132000,132000,101.02211391599849,1.4877809,0.5
NFSP,0,133500,133500,102.91561208304483,1.5048547,0.5
NFSP,0,135000,135000,104.59535016596783,1.4936202,0.5
NFSP,0,136500,136500,106.04325149999931,1.490968,0.5
NFSP,0,138000,138000,107.3543867500266,1.4903145,0.5
NFSP,0,139500,139500,108.65407329099253,1.4867333,0.5
NFSP,0,141000,141000,110.16868991602678,1.4930916,0.5
NFSP,0,142500,142500,111.51404545805417,1.4882411,0.5
NFSP,0,144000,144000,112.84899695799686,1.4919014,0.5
NFSP,0,145500,145500,114.17142124997918,1.484736,0.5
NFSP,0,147000,147000,115.42605016601738,1.4851596,0.5
NFSP,0,148500,148500,116.6799728750484,1.4800348,0.5
NFSP,0,150000,150000,117.95618429104798,1.483712,0.5
NFSP,1,1500,1500,0.7153592499671504,2.454071,0.5
NFSP,1,3000,3000,1.5061694999458268,2.9952946,0.5
NFSP,1,4500,4500,2.3219717919128016,3.1399622,0.5
NFSP,1,6000,6000,3.1716808748897165,3.152371,0.5
NFSP,1,7500,7500,4.024942291900516,2.9932342,0.5
NFSP,1,9000,9000,4.885649874922819,2.7348113,0.5
NFSP,1,10500,10500,5.748238499974832,2.506892,0.5
NFSP,1,12000,12000,6.607642916962504,2.3613205,0.5
NFSP,1,13500,13500,7.475176291889511,2.3028498,0.5
NFSP,1,15000,15000,8.363300333963707,2.2626247,0.5
NFSP,1,16500,16500,9.24934249999933,2.2282157,0.5
NFSP,1,18000,18000,10.293953874963336,2.1942601,0.5
NFSP,1,19500,19500,11.258888458949514,2.178074,0.5
NFSP,1,21000,21000,12.187270166934468,2.148119,0.5
NFSP,1,22500,22500,13.10372912499588,2.1293943,0.5
NFSP,1,24000,24000,14.018612124957144,2.1288378,0.5
NFSP,1,25500,25500,14.945433166925795,2.1213853,0.5
NFSP,1,27000,27000,15.875715208938345,2.1088827,0.5
NFSP,1,28500,28500,16.79573441692628,2.114113,0.5
NFSP,1,30000,30000,17.695385749917477,2.1029878,0.5
NFSP,1,31500,31500,18.592715541948564,2.0949502,0.5
NFSP,1,33000,33000,19.49876037496142,2.0778978,0.5
NFSP,1,34500,34500,20.412461624946445,2.0783238,0.5
NFSP,1,36000,36000,21.348687166930176,2.0581589,0.5
NFSP,1,37500,37500,22.27810324996244,2.0487194,0.5
NFSP,1,39000,39000,23.237445916980505,2.0451722,0.5
NFSP,1,40500,40500,24.197154041961767,2.0340672,0.5
NFSP,1,42000,42000,25.1792471249355,2.0129235,0.5
NFSP,1,43500,43500,26.111992791993544,1.9989623,0.5
NFSP,1,45000,45000,27.065215249895118,1.9706293,0.5
NFSP,1,46500,46500,28.05758729192894,1.9629693,0.5
NFSP,1,48000,48000,29.14352537493687,1.9541335,0.5
NFSP,1,49500,49500,30.19839766691439,1.9361045,0.5
NFSP,1,51000,51000,31.21753004193306,1.9177788,0.5
NFSP,1,52500,52500,32.248793416889384,1.9086282,0.5
NFSP,1,54000,54000,33.27439658390358,1.8926678,0.5
NFSP,1,55500,55500,34.30600595893338,1.8764511,0.5
NFSP,1,57000,57000,35.34932924993336,1.8526123,0.5
NFSP,1,58500,58500,36.61184783396311,1.8401122,0.5
NFSP,1,60000,60000,37.69620379200205,1.8247571,0.5
NFSP,1,61500,61500,38.722300999914296,1.8055782,0.5
NFSP,1,63000,63000,39.73472549999133,1.8042061,0.5
NFSP,1,64500,64500,40.78708195895888,1.7912712,0.5
NFSP,1,66000,66000,41.88605716696475,1.7858076,0.5
NFSP,1,67500,67500,43.01734525000211,1.7697148,0.5
NFSP,1,69000,69000,44.11204174999148,1.7661875,0.5
NFSP,1,70500,70500,45.21414316690061,1.7554923,0.5
NFSP,1,72000,72000,46.51022991689388,1.7437476,0.5
NFSP,1,73500,73500,47.66065954195801,1.716099,0.5
NFSP,1,75000,75000,48.84362654190045,1.7035394,0.5
NFSP,1,76500,76500,49.98583462496754,1.6963165,0.5
NFSP,1,78000,78000,51.143088041921146,1.6798993,0.5
NFSP,1,79500,79500,52.506413666997105,1.6749394,0.5
NFSP,1,81000,81000,53.88166724995244,1.6745267,0.5
NFSP,1,82500,82500,55.20357074995991,1.6628344,0.5
NFSP,1,84000,84000,56.49975691689178,1.6417067,0.5
NFSP,1,85500,85500,57.74888233398087,1.6314223,0.5
NFSP,1,87000,87000,59.16410158399958,1.6184812,0.5
NFSP,1,88500,88500,60.34812995896209,1.6016755,0.5
NFSP,1,90000,90000,61.459823833894916,1.6086408,0.5
NFSP,1,91500,91500,62.54901129193604,1.6015995,0.5
NFSP,1,93000,93000,63.6630208339775,1.5988829,0.5
NFSP,1,94500,94500,64.79670595889911,1.571903,0.5
NFSP,1,96000,96000,65.91609116690233,1.5686325,0.5
NFSP,1,97500,97500,67.0647070419509,1.5500242,0.5
NFSP,1,99000,99000,68.22704370890278,1.55464,0.5
NFSP,1,100500,100500,69.40383120893966,1.5468786,0.5
NFSP,1,102000,102000,70.75772862497251,1.5289037,0.5
NFSP,1,103500,103500,72.19555570895318,1.5264723,0.5
NFSP,1,105000,105000,73.3878157499712,1.5173362,0.5
NFSP,1,106500,106500,74.69607495889068,1.513911,0.5
NFSP,1,108000,108000,75.95442445890512,1.5143819,0.5
NFSP,1,109500,109500,77.24110037495848,1.5116274,0.5
NFSP,1,111000,111000,78.75225970894098,1.509507,0.5
NFSP,1,112500,112500,79.97634529194329,1.508829,0.5
NFSP,1,114000,114000,81.19057366694324,1.4994528,0.5
NFSP,1,115500,115500,82.37150437489618,1.5013185,0.5
NFSP,1,117000,117000,83.57951574993785,1.5003158,0.5
NFSP,1,118500,118500,84.8067866669735,1.49915,0.5
NFSP,1,120000,120000,86.04802695894614,1.485188,0.5
NFSP,1,121500,121500,87.30363558395766,1.4825673,0.5
NFSP,1,123000,123000,88.5821719999658,1.4843824,0.5
NFSP,1,124500,124500,89.93249041691888,1.4811876,0.5
NFSP,1,126000,126000,91.23390687489882,1.4795418,0.5
NFSP,1,127500,127500,92.49633895896841,1.47774,0.5
NFSP,1,129000,129000,93.76094604190439,1.4665158,0.5
NFSP,1,130500,130500,94.97173066693358,1.4672139,0.5
NFSP,1,132000,132000,96.19747258396819,1.4664797,0.5
NFSP,1,133500,133500,97.41493195889052,1.4625309,0.5
NFSP,1,135000,135000,98.75023979193065,1.4692829,0.5
NFSP,1,136500,136500,99.99880579195451,1.4624248,0.5
NFSP,1,138000,138000,101.24244316690601,1.4633014,0.5
NFSP,1,139500,139500,102.49399158393499,1.458987,0.5
NFSP,1,141000,141000,103.72674041695427,1.4510834,0.5
NFSP,1,142500,142500,104.9575212498894,1.4550906,0.5
NFSP,1,144000,144000,106.16381391696632,1.4529222,0.5
NFSP,1,145500,145500,107.40793570899405,1.4579353,0.5
NFSP,1,147000,147000,108.6247165419627,1.4485619,0.5
NFSP,1,148500,148500,109.84682695893571,1.4506695,0.5
NFSP,1,150000,150000,111.12008633394726,1.449995,0.5
